"","FFL","No_FFL","PP","PM","PN","NP","NM","NN","MP","MM2","MM1","MN","NonPl_X"
"Plastic
genes",10.2189781021898,89.7810218978102,1.79249217935349,1.85702699571313,0.543969412582551,1.31386861313869,0.312825860271116,0.475031861893176,0.925964546402502,1.69876028270189,0.921330089213301,0.37770826091994,0
"Non-plastic
genes",4.11392405063291,95.8860759493671,0.791139240506329,0.316455696202532,0.158227848101266,0.632911392405063,0.791139240506329,0,0.474683544303797,0.316455696202532,0.316455696202532,0.316455696202532,0
