"","FBL","No_FBL","Inhibiting","Activating","Size2","Size3","Size4","Size5","Size6"
"Plastic
genes",17.6642335766423,82.3357664233577,5.08664671835094,12.5775868582914,7.1865772014931,1.39286847712744,5.32649499025253,1.7005636910429,2.05772921672636
"Non-plastic
genes",5.37974683544304,94.620253164557,1.10759493670886,4.27215189873418,2.10970464135021,0.501054852320675,1.20554550934298,0.749698613622664,0.81374321880651
