"","FFL","No_FFL","PP","PM","PN","NP","NM","NN","MP","MM2","MM1","MN","NonPl_X"
"Plastic
genes",14.014598540146,85.985401459854,2.70003475842892,2.40875912408759,0.618004866180049,1.43552311435523,0.765380604796663,0.355231143552311,1.4612443517553,1.99791449426486,1.7712895377129,0.501216545012165,0
"Non-plastic
genes",5.69620253164557,94.3037974683544,0.791139240506329,0.316455696202532,0.105485232067511,0.791139240506329,1.05485232067511,0,0.316455696202532,0.738396624472574,1.26582278481013,0.316455696202532,0
