"","FFL","No_FFL","PP","PM","PN","NP","NM","NN","MP","MM2","MM1","MN","NonPl_X"
"Plastic
genes",8.32116788321168,91.6788321167883,1.63503649635036,1.84080639555092,0.239833159541189,0.875912408759124,0.291970802919708,0.0938477580813347,0.759124087591241,1.31803962460897,0.905109489051095,0.361487660757734,0
"Non-plastic
genes",1.89873417721519,98.1012658227848,0.632911392405063,0,0.158227848101266,0,0.632911392405063,0.158227848101266,0.316455696202532,0,0,0,0
