"","FFL","No_FFL","C3","C1","C2","C4","I2","I4","I3","I1","NonPl_X"
"Plastic
genes",27.5912408759124,72.4087591240876,1.58150851581509,7.14111922141119,4.1654501216545,4.22627737226277,0.510948905109489,3.33333333333333,2.90024330900243,3.7323600973236,0
"Non-plastic
genes",12.0253164556962,87.9746835443038,0.580168776371308,2.37341772151899,0.764767932489451,0.105485232067511,0.105485232067511,4.03481012658228,1.66139240506329,2.39978902953586,0
