"","FFL","No_FFL","C3","C1","C2","C4","I2","I4","I3","I1","NonPl_X"
"Plastic
genes",37.3722627737226,62.6277372262774,2.25304136253041,8.67466110531804,5.42822384428224,6.78971150503997,0.982968369829684,4.09628084810567,3.70559610705596,5.44177963156065,0
"Non-plastic
genes",15.1898734177215,84.8101265822785,0.949367088607595,4.11392405063291,1.00210970464135,0.421940928270042,0.316455696202532,4.16666666666667,1.47679324894515,2.74261603375527,0
