"","FFL","No_FFL","PP","PM","PN","NP","NM","NN","MP","MM2","MM1","MN","NonPl_X"
"Plastic
genes",26.1313868613139,73.8686131386861,5.05551869055519,4.92863199250061,1.56777103674914,2.04866180048662,1.587828230164,1.07273201251303,2.41638491273528,3.24364342065072,3.09322631950369,1.1169884454556,0
"Non-plastic
genes",6.32911392405063,93.6708860759494,1.74050632911392,0.632911392405063,0,0.632911392405063,1.89873417721519,0,0.474683544303797,0.316455696202532,0.632911392405063,0,0
