"","FBL","No_FBL","Inhibiting","Activating","Size2","Size3","Size4","Size5","Size6"
"Plastic
genes",17.956204379562,82.043795620438,5.92300310500882,12.0332012745532,7.59668500687225,1.57789162422612,5.44966150250187,1.52348460806093,1.80848163790087
"Non-plastic
genes",5.37974683544304,94.620253164557,1.10759493670886,4.27215189873418,2.41033755274262,0.184599156118143,1.23719107896323,0.839361060880048,0.708257986738999
