"","FBL","No_FBL","Inhibiting","Activating","Size2","Size3","Size4","Size5","Size6"
"Plastic
genes",11.970802919708,88.029197080292,2.64908206149082,9.32172085821721,5.93154169431542,0.990267639902676,2.83045786330458,1.13138686131387,1.08714886087149
"Non-plastic
genes",2.84810126582278,97.1518987341772,0,2.84810126582278,1.10759493670886,0.316455696202532,0.474683544303797,0.474683544303797,0.474683544303797
