"","FFL","No_FFL","C3","C1","C2","C4","I2","I4","I3","I1","NonPl_X"
"Plastic
genes",36.4963503649635,63.5036496350365,1.71289537712895,9.11678832116788,5.69343065693431,6.75182481751825,0.873479318734793,3.95133819951338,3.44038929440389,4.95620437956204,0
"Non-plastic
genes",15.1898734177215,84.8101265822785,0.421940928270042,3.90295358649789,0.949367088607595,0.580168776371308,0,3.90295358649789,2.37341772151899,3.05907172995781,0
