"","FFL","No_FFL","PP","PM","PN","NP","NM","NN","MP","MM2","MM1","MN","NonPl_X"
"Plastic
genes",12.5547445255474,87.4452554744526,2.33507125477928,2.23114355231144,0.420924574209246,1.16788321167883,0.689954814042405,0.37712895377129,1.04518595759472,2.01007994438651,1.94403892944039,0.333333333333333,0
"Non-plastic
genes",4.74683544303798,95.253164556962,0.791139240506329,0.316455696202532,0.316455696202532,0.949367088607595,0.791139240506329,0,0.791139240506329,0.474683544303797,0.316455696202532,0,0
