"","FFL","No_FFL","C3","C1","C2","C4","I2","I4","I3","I1","NonPl_X"
"Plastic
genes",31.8248175182482,68.1751824817518,1.61800486618005,8.10948905109489,5.03649635036496,5.51094890510949,0.681265206812652,3.39659367396594,2.97323600973236,4.49878345498783,0
"Non-plastic
genes",13.9240506329114,86.0759493670886,0.316455696202532,3.85021097046413,1.10759493670886,0.606540084388186,0.316455696202532,3.79746835443038,0.870253164556962,3.05907172995781,0
