"","FFL","No_FFL","PP","PM","PN","NP","NM","NN","MP","MM2","MM1","MN","NonPl_X"
"Plastic
genes",5.98540145985401,94.014598540146,1.42231491136601,1.00034758428919,0.293361140076469,0.291970802919708,0.145985401459854,0.048661800486618,0.823774765380605,1.10948905109489,0.747306221758776,0.102189781021898,0
"Non-plastic
genes",1.26582278481013,98.7341772151899,0.316455696202532,0.632911392405063,0.316455696202532,0,0,0,0,0,0,0,0
