"","FFL","No_FFL","C3","C1","C2","C4","I2","I4","I3","I1","NonPl_X"
"Plastic
genes",41.1678832116788,58.8321167883212,2.3227899432279,8.69563202409918,5.38744062101726,7.58637469586375,1.47340980187696,4.44560305874174,5.30940794809408,5.94722511875796,0
"Non-plastic
genes",12.6582278481013,87.3417721518987,0.632911392405063,3.40189873417722,0.712025316455696,0.210970464135021,0,4.32489451476793,1.31856540084388,2.05696202531646,0
