"","FFL","No_FFL","PP","PM","PN","NP","NM","NN","MP","MM2","MM1","MN","NonPl_X"
"Plastic
genes",20,80,4.83350712547793,3.90684741049705,0.658324643726104,1.16788321167883,0.428223844282238,0.720194647201946,2.20994091067084,2.89537712895377,2.38651372957942,0.793187347931874,0
"Non-plastic
genes",6.32911392405063,93.6708860759494,1.42405063291139,0.738396624472574,0,0.791139240506329,0.949367088607595,0.105485232067511,0.949367088607595,0.632911392405063,0.632911392405063,0.105485232067511,0
