"","FFL","No_FFL","C3","C1","C2","C4","I2","I4","I3","I1","NonPl_X"
"Plastic
genes",23.6496350364963,76.3503649635037,1.02189781021898,6.0948905109489,3.52798053527981,3.46715328467153,0.656934306569343,2.87104622871046,1.84914841849148,4.16058394160584,0
"Non-plastic
genes",9.81012658227848,90.1898734177215,0.105485232067511,2.79535864978903,1.31856540084388,0.105485232067511,0,3.58649789029536,1.10759493670886,0.791139240506329,0
