"","FFL","No_FFL","C3","C1","C2","C4","I2","I4","I3","I1","NonPl_X"
"Plastic
genes",37.0802919708029,62.9197080291971,2.05839416058394,8.50503997219326,5.53945081682308,7.01946472019465,0.955161626694473,4.00868960722975,3.63503649635036,5.3590545707334,0
"Non-plastic
genes",15.8227848101266,84.1772151898734,1.37130801687764,4.64135021097046,1.05485232067511,0.421940928270042,0.316455696202532,4.11392405063291,1.16033755274262,2.74261603375527,0
