"","FFL","No_FFL","PP","PM","PN","NP","NM","NN","MP","MM2","MM1","MN","NonPl_X"
"Plastic
genes",27.007299270073,72.992700729927,5.45676586187535,5.57899206847253,1.73355069147255,1.98296836982968,1.66701425095586,0.853217199288475,2.53045373118366,3.14763052891005,3.09743526832406,0.95927129976078,0
"Non-plastic
genes",6.0126582278481,93.9873417721519,1.74050632911392,0.474683544303797,0,0.632911392405063,1.74050632911392,0,0.474683544303797,0.316455696202532,0.632911392405063,0,0
