"","FFL","No_FFL","C3","C1","C2","C4","I2","I4","I3","I1","NonPl_X"
"Plastic
genes",34.014598540146,65.985401459854,1.71289537712895,7.85644768856448,5.28710462287105,6.0948905109489,0.727493917274939,4.43065693430657,3.31143552311436,4.59367396593674,0
"Non-plastic
genes",15.1898734177215,84.8101265822785,1.34493670886076,4.4831223628692,1.16033755274262,0.527426160337553,0,3.90295358649789,1.58227848101266,2.18881856540084,0
