"","FBL","No_FBL","Inhibiting","Activating","Size2","Size3","Size4","Size5","Size6"
"Plastic
genes",17.6642335766423,82.3357664233577,4.9787217965574,12.6855117800849,7.6057638542564,1.36471414970304,5.0598978404437,1.66719559928065,1.96666213295855
"Non-plastic
genes",6.0126582278481,93.9873417721519,1.10759493670886,4.90506329113924,2.13607594936709,0.501054852320675,1.39240506329114,1.0337552742616,0.949367088607595
