"","FFL","No_FFL","C3","C1","C2","C4","I2","I4","I3","I1","NonPl_X"
"Plastic
genes",41.021897810219,58.978102189781,2.38280616382806,9.00567721005677,5.51622060016221,7.33495539334955,1.54785077047851,4.19505271695053,5.27169505271695,5.7676399026764,0
"Non-plastic
genes",12.6582278481013,87.3417721518987,0.474683544303797,3.24367088607595,0.712025316455696,0.210970464135021,0.158227848101266,4.0084388185654,1.63502109704641,2.21518987341772,0
