"","FFL","No_FFL","C3","C1","C2","C4","I2","I4","I3","I1","NonPl_X"
"Plastic
genes",39.2700729927007,60.7299270072993,2.09245742092457,8.73212837446414,5.63885992353146,7.66098945660989,1.0597844977407,4.03927702467848,4.15815085158151,5.88842544316997,0
"Non-plastic
genes",14.2405063291139,85.7594936708861,1.18670886075949,3.16455696202532,1.34493670886076,0.263713080168776,0.316455696202532,4.32489451476793,1.21308016877637,2.42616033755274,0
