"","FBL","No_FBL","Inhibiting","Activating","Size2","Size3","Size4","Size5","Size6"
"Plastic
genes",17.8102189781022,82.1897810218978,5.2785694975476,12.5316494805546,7.18721276020546,1.732118719345,5.13074962345035,1.65812188622408,2.1020159888773
"Non-plastic
genes",5.37974683544304,94.620253164557,1.10759493670886,4.27215189873418,2.09388185654008,0.458860759493671,1.25828812537673,0.797166968053044,0.771549125979506
