"","FBL","No_FBL","Inhibiting","Activating","Size2","Size3","Size4","Size5","Size6"
"Plastic
genes",14.5985401459854,85.4014598540146,4.10497045533542,10.49356969065,7.13538408063956,0.896941258255127,3.5844629822732,1.53892944038929,1.44282238442822
"Non-plastic
genes",3.79746835443038,96.2025316455696,0.421940928270042,3.37552742616034,1.5295358649789,0.527426160337553,1.05485232067511,0.421940928270042,0.263713080168776
