"","FBL","No_FBL","Inhibiting","Activating","Size2","Size3","Size4","Size5","Size6"
"Plastic
genes",14.5985401459854,85.4014598540146,4.10205074730622,10.4964893986792,7.41317344456031,0.888599235314564,3.35783802572124,1.49631560653458,1.44261383385471
"Non-plastic
genes",4.74683544303798,95.253164556962,0.738396624472574,4.0084388185654,1.68776371308017,0.369198312236287,1.13396624472574,0.922995780590717,0.632911392405063
