"","FBL","No_FBL","Inhibiting","Activating","Size2","Size3","Size4","Size5","Size6"
"Plastic
genes",17.8102189781022,82.1897810218978,5.57598133145578,12.2342376466464,7.12579729003087,1.55893484725602,5.4309599565074,1.62009037191519,2.07443651239272
"Non-plastic
genes",5.69620253164557,94.3037974683544,1.10759493670886,4.58860759493671,2.41033755274262,0.501054852320675,1.23719107896323,0.839361060880048,0.708257986738999
