"","FFL","No_FFL","C3","C1","C2","C4","I2","I4","I3","I1","NonPl_X"
"Plastic
genes",40.1459854014599,59.8540145985401,2.18156539324423,8.61563497329921,5.78136948209941,7.51824817518248,1.31636490030651,4.49183176920403,4.76528580908143,5.47568489904256,0
"Non-plastic
genes",12.9746835443038,87.0253164556962,1.02848101265823,3.24367088607595,0.949367088607595,0.210970464135021,0.158227848101266,3.90295358649789,1.37130801687764,2.10970464135021,0
