"","FBL","No_FBL","Inhibiting","Activating","Size2","Size3","Size4","Size5","Size6"
"Plastic
genes",0,100,0,0,0,0,0,0,0
"Non-plastic
genes",5.78313253012048,94.2168674698795,2.251124468066,3.53200806205448,4.67130145021217,0.168725572932565,0.282358943972612,0.218714649956009,0.442031913047121
