"","FBL","No_FBL","Inhibiting","Activating","Size2","Size3","Size4","Size5","Size6"
"Plastic
genes",17.3722627737226,82.6277372262774,4.92283628779979,12.4494264859228,8.190128606187,1.26294751477233,4.40962808481057,1.50034758428919,2.00921098366354
"Non-plastic
genes",5.69620253164557,94.3037974683544,1.05485232067511,4.64135021097046,2.13607594936709,0.44831223628692,1.26054852320675,0.796413502109705,1.05485232067511
