"","FBL","No_FBL","Inhibiting","Activating","Size2","Size3","Size4","Size5","Size6"
"Plastic
genes",18.8321167883212,81.1678832116788,5.72863451072983,13.1034822775913,7.5087163468443,1.81968274475788,5.26682960946593,1.88450337720411,2.35238471004894
"Non-plastic
genes",5.69620253164557,94.3037974683544,1.26582278481013,4.43037974683544,2.51054852320675,0.443037974683544,1.12643158529234,0.944846292947559,0.671338155515371
