"","FFL","No_FFL","C3","C1","C2","C4","I2","I4","I3","I1","NonPl_X"
"Plastic
genes",0,100,0,0,0,0,0,0,0,0,0
"Non-plastic
genes",0.72289156626506,99.2771084337349,0,0.240963855421687,0,0,0,0.240963855421687,0,0.240963855421687,0
