"","FFL","No_FFL","C3","C1","C2","C4","I2","I4","I3","I1","NonPl_X"
"Plastic
genes",19.8540145985401,80.1459854014599,1.02189781021898,5.29197080291971,3.2360097323601,2.88321167883212,0.194647201946472,2.89537712895377,1.48418491484185,2.84671532846715,0
"Non-plastic
genes",8.54430379746835,91.4556962025316,0.158227848101266,2.53164556962025,0.738396624472574,0.474683544303797,0,2.63713080168776,1.42405063291139,0.580168776371308,0
