"","FFL","No_FFL","PP","PM","PN","NP","NM","NN","MP","MM2","MM1","MN","NonPl_X"
"Plastic
genes",14.7445255474453,85.2554744525548,2.81056656239138,2.7535627389642,0.652068126520681,1.3625304136253,0.744525547445255,0.355231143552311,1.84080639555092,1.91240875912409,1.81160931525895,0.501216545012165,0
"Non-plastic
genes",5.69620253164557,94.3037974683544,1.10759493670886,0.632911392405063,0,0.791139240506329,0.632911392405063,0.158227848101266,0.632911392405063,0.632911392405063,0.949367088607595,0.158227848101266,0
