"","FFL","No_FFL","PP","PM","PN","NP","NM","NN","MP","MM2","MM1","MN","NonPl_X"
"Plastic
genes",21.8978102189781,78.1021897810219,4.70189907416185,5.02440989667267,1.35651088570797,1.19221411192214,1.09732360097324,0.720194647201946,2.10996302967106,2.72506082725061,2.42643852497867,0.543795620437956,0
"Non-plastic
genes",6.32911392405063,93.6708860759494,2.05696202531646,0.949367088607595,0,0.791139240506329,0.632911392405063,0,0.791139240506329,0.632911392405063,0.474683544303797,0,0
