"","FFL","No_FFL","PP","PM","PN","NP","NM","NN","MP","MM2","MM1","MN","NonPl_X"
"Plastic
genes",26.2773722627737,73.7226277372263,5.3718203937182,4.90420892975637,1.57027522355989,2.00729927007299,1.86624324580529,1.17049009384776,2.09359496950738,3.38820425316776,2.88733529244478,1.01790059089329,0
"Non-plastic
genes",6.9620253164557,93.0379746835443,2.05696202531646,0.580168776371308,0,0.632911392405063,1.74050632911392,0.105485232067511,0.791139240506329,0.316455696202532,0.632911392405063,0.105485232067511,0
