"","FFL","No_FFL","C3","C1","C2","C4","I2","I4","I3","I1","NonPl_X"
"Plastic
genes",33.1386861313869,66.8613138686131,1.75669099756691,8,5.53284671532847,4.9294403892944,0.900243309002433,3.74695863746959,3.57664233576642,4.69586374695864,0
"Non-plastic
genes",14.873417721519,85.126582278481,1.05485232067511,3.42827004219409,0.949367088607595,0.738396624472574,0.316455696202532,4.37763713080169,1.5295358649789,2.4789029535865,0
