"","FFL","No_FFL","PP","PM","PN","NP","NM","NN","MP","MM2","MM1","MN","NonPl_X"
"Plastic
genes",18.2481751824818,81.7518248175183,3.6864789711505,4.19881821341675,0.851581508515815,1.28953771289538,0.963503649635037,0.428223844282238,1.85053875564824,2.15571776155718,2.12791101842197,0.695863746958638,0
"Non-plastic
genes",6.32911392405063,93.6708860759494,1.5295358649789,0.843881856540084,0.263713080168776,0.791139240506329,0.791139240506329,0.105485232067511,0.791139240506329,0.316455696202532,0.791139240506329,0.105485232067511,0
