"","FBL","No_FBL","Inhibiting","Activating","Size2","Size3","Size4","Size5","Size6"
"Plastic
genes",16.0583941605839,83.9416058394161,4.47769667477697,11.580697485807,7.74371451743715,1.29417217008458,3.878113775924,1.34955393349554,1.79283976364268
"Non-plastic
genes",5.06329113924051,94.9367088607595,0.738396624472574,4.32489451476793,1.87236286919831,0.342827004219409,1.05485232067511,0.685654008438819,1.10759493670886
