"","FBL","No_FBL","Inhibiting","Activating","Size2","Size3","Size4","Size5","Size6"
"Plastic
genes",0,100,0,0,0,0,0,0,0
"Non-plastic
genes",6.74698795180723,93.2530120481928,2.29941990182954,4.44756804997769,5.52282868849134,0.350594296377429,0.514553162143524,0.208307979392317,0.150703825402621
