"","FBL","No_FBL","Inhibiting","Activating","Size2","Size3","Size4","Size5","Size6"
"Plastic
genes",17.6642335766423,82.3357664233577,5.26458261290341,12.3996509637389,7.47394080873648,1.27874496884335,5.32594635230587,1.51590783356609,2.06969361319054
"Non-plastic
genes",5.37974683544304,94.620253164557,1.10759493670886,4.27215189873418,2.09388185654008,0.501054852320675,1.18972272453285,0.781344183242917,0.81374321880651
