"","FFL","No_FFL","C3","C1","C2","C4","I2","I4","I3","I1","NonPl_X"
"Plastic
genes",25.4014598540146,74.5985401459854,1.53284671532847,6.64720194647202,3.7639902676399,3.42335766423358,0.656934306569343,3.2360097323601,2.53041362530414,3.61070559610706,0
"Non-plastic
genes",12.6582278481013,87.3417721518987,0.263713080168776,1.95147679324895,1.71413502109705,0.89662447257384,0.105485232067511,4.2457805907173,1.50316455696203,1.97784810126582,0
