"","FFL","No_FFL","PP","PM","PN","NP","NM","NN","MP","MM2","MM1","MN","NonPl_X"
"Plastic
genes",25.6934306569343,74.3065693430657,5.54213669542137,5.61855257475695,1.29539398152537,1.92214111922141,1.14848168862767,1.57397752288263,2.1033273296047,3.13881252567384,2.67768403534827,0.672923183872089,0
"Non-plastic
genes",6.9620253164557,93.0379746835443,1.74050632911392,0.89662447257384,0,0.632911392405063,0.949367088607595,0.105485232067511,0.791139240506329,0.632911392405063,0.791139240506329,0.421940928270042,0
