"","FFL","No_FFL","PP","PM","PN","NP","NM","NN","MP","MM2","MM1","MN","NonPl_X"
"Plastic
genes",15.6204379562044,84.3795620437956,3.54049356969065,2.65623913799096,0.822384428223844,1.24087591240876,0.89051094890511,0.428223844282238,1.67049009384776,1.91240875912409,1.9575947167188,0.501216545012165,0
"Non-plastic
genes",6.32911392405063,93.6708860759494,1.42405063291139,0.791139240506329,0,0.791139240506329,1.10759493670886,0.158227848101266,0.632911392405063,0.474683544303797,0.791139240506329,0.158227848101266,0
