"","FBL","No_FBL","Inhibiting","Activating","Size2","Size3","Size4","Size5","Size6"
"Plastic
genes",15.1824817518248,84.8175182481752,4.06753830111494,11.1149434507099,7.0842409820512,1.12229700550868,3.91766870598987,1.41652346031908,1.64175159795598
"Non-plastic
genes",4.74683544303798,95.253164556962,0.738396624472574,4.0084388185654,1.31856540084388,0.421940928270042,1.13396624472574,0.922995780590717,0.949367088607595
