"","FBL","No_FBL","Inhibiting","Activating","Size2","Size3","Size4","Size5","Size6"
"Plastic
genes",17.8102189781022,82.1897810218978,5.30948326676107,12.5007357113411,7.15447351814892,1.83645495131111,5.074328252731,1.62550912185949,2.11945313405167
"Non-plastic
genes",5.37974683544304,94.620253164557,1.58227848101266,3.79746835443038,2.23628691983122,0.443037974683544,1.24246534056661,0.844635322483424,0.61332127787824
