"","FBL","No_FBL","Inhibiting","Activating","Size2","Size3","Size4","Size5","Size6"
"Plastic
genes",17.8102189781022,82.1897810218978,5.31816852415355,12.4920504539486,7.42597417682825,1.40300635222882,5.3282056501856,1.53340290945533,2.11962988940419
"Non-plastic
genes",5.37974683544304,94.620253164557,1.10759493670886,4.27215189873418,2.09388185654008,0.474683544303797,1.21081977094635,0.812989752863171,0.787371910789632
