"","FFL","No_FFL","C3","C1","C2","C4","I2","I4","I3","I1","NonPl_X"
"Plastic
genes",17.6642335766423,82.3357664233577,0.948905109489051,4.69586374695864,3.5036496350365,2.79805352798054,0.072992700729927,2.33576642335766,0.656934306569343,2.65206812652068,0
"Non-plastic
genes",8.22784810126582,91.7721518987342,0.316455696202532,2.16244725738397,1.31856540084388,0.158227848101266,0,2.4789029535865,0.632911392405063,1.16033755274262,0
