"","FFL","No_FFL","C3","C1","C2","C4","I2","I4","I3","I1","NonPl_X"
"Plastic
genes",30.5109489051095,69.4890510948905,1.98296836982968,7.11678832116788,4.330900243309,5.12165450121655,0.59610705596107,4.0632603406326,3.00486618004866,4.29440389294404,0
"Non-plastic
genes",13.6075949367089,86.3924050632911,1.21308016877637,2.98523206751055,0.474683544303797,0.443037974683544,0.105485232067511,4.4831223628692,1.26582278481013,2.63713080168776,0
