"","FFL","No_FFL","C3","C1","C2","C4","I2","I4","I3","I1","NonPl_X"
"Plastic
genes",26.8613138686131,73.1386861313869,1.42335766423358,7.32846715328467,3.95133819951338,3.55717761557178,0.666666666666667,3.6374695863747,2.48661800486618,3.81021897810219,0
"Non-plastic
genes",10.7594936708861,89.2405063291139,0.421940928270042,2.20991561181435,1.00210970464135,0.632911392405063,0.126582278481013,3.61286919831224,1.21308016877637,1.54008438818565,0
