"","FFL","No_FFL","PP","PM","PN","NP","NM","NN","MP","MM2","MM1","MN","NonPl_X"
"Plastic
genes",21.1678832116788,78.8321167883212,4.52569056819808,4.29726635179619,0.849291541434092,1.24946328896522,0.963503649635037,0.939172749391728,2.57306426220123,2.66423357664234,2.45899527694289,0.64720194647202,0
"Non-plastic
genes",6.64556962025316,93.3544303797468,2.0042194092827,1.10759493670886,0,0.791139240506329,0.791139240506329,0,0.791139240506329,0.738396624472574,0.421940928270042,0,0
