"","FFL","No_FFL","PP","PM","PN","NP","NM","NN","MP","MM2","MM1","MN","NonPl_X"
"Plastic
genes",17.6642335766423,82.3357664233577,4.02224539450817,3.91171359054571,0.761557177615572,1.28953771289538,0.72992700729927,0.51338199513382,1.57316649287452,2.44768856447689,1.97462634688912,0.440389294403893,0
"Non-plastic
genes",6.32911392405063,93.6708860759494,1.26582278481013,0.738396624472574,0.158227848101266,0.791139240506329,0.89662447257384,0,1.10759493670886,0.421940928270042,0.949367088607595,0,0
