"","FFL","No_FFL","PP","PM","PN","NP","NM","NN","MP","MM2","MM1","MN","NonPl_X"
"Plastic
genes",22.6277372262774,77.3722627737226,4.83676177836762,5.21401712642588,1.19123455619806,1.65450121654501,1.01946472019465,0.659367396593674,2.29904888299049,2.85401459854015,2.3126046702689,0.586722280152937,0
"Non-plastic
genes",6.64556962025316,93.3544303797468,1.79324894514768,0.791139240506329,0,0.791139240506329,0.632911392405063,0.158227848101266,0.791139240506329,0.843881856540084,0.527426160337553,0.316455696202532,0
