"","FFL","No_FFL","C3","C1","C2","C4","I2","I4","I3","I1","NonPl_X"
"Plastic
genes",28.4671532846715,71.5328467153285,1.65450121654501,7.09245742092457,4.57907542579075,4.49391727493917,0.291970802919708,3.35766423357664,2.70559610705596,4.29197080291971,0
"Non-plastic
genes",13.9240506329114,86.0759493670886,0.369198312236287,2.97995780590717,0.843881856540084,0.316455696202532,0.421940928270042,4.82594936708861,1.5295358649789,2.63713080168776,0
