"","FBL","No_FBL","Inhibiting","Activating","Size2","Size3","Size4","Size5","Size6"
"Plastic
genes",17.8102189781022,82.1897810218978,5.27092264318542,12.5392963349168,7.19051481095277,1.67780867415904,5.11464488471788,1.64737573861661,2.17987486965589
"Non-plastic
genes",4.74683544303798,95.253164556962,1.10759493670886,3.63924050632911,1.77742616033755,0.458860759493671,1.13170584689572,0.607293550331525,0.771549125979506
