"","FBL","No_FBL","Inhibiting","Activating","Size2","Size3","Size4","Size5","Size6"
"Plastic
genes",19.1240875912409,80.8759124087591,5.82995682054495,13.2941307706959,7.2889946821576,1.94341029644103,5.35687692838866,1.9562451710432,2.57856051321039
"Non-plastic
genes",6.0126582278481,93.9873417721519,1.26582278481013,4.74683544303798,2.86919831223629,0.485232067510548,1.2002712477396,0.90792646172393,0.550030138637734
