"","FFL","No_FFL","C3","C1","C2","C4","I2","I4","I3","I1","NonPl_X"
"Plastic
genes",9.34306569343066,90.6569343065693,0.48661800486618,2.57907542579075,1.53284671532847,1.24087591240876,0.145985401459854,1.19221411192214,0.72992700729927,1.43552311435523,0
"Non-plastic
genes",4.74683544303798,95.253164556962,0.316455696202532,1.37130801687764,0.949367088607595,0,0,1.47679324894515,0.316455696202532,0.316455696202532,0
