"","FFL","No_FFL","PP","PM","PN","NP","NM","NN","MP","MM2","MM1","MN","NonPl_X"
"Plastic
genes",4.08759124087591,95.9124087591241,0.817518248175182,0.559610705596107,0.048661800486618,0.291970802919708,0.145985401459854,0,0.510948905109489,0.982968369829684,0.656934306569343,0.072992700729927,0
"Non-plastic
genes",0,100,0,0,0,0,0,0,0,0,0,0,0
