"","FFL","No_FFL","PP","PM","PN","NP","NM","NN","MP","MM2","MM1","MN","NonPl_X"
"Plastic
genes",12.2627737226277,87.7372262773723,2.35940215502259,2.37608620090372,0.468543621828293,1.24087591240876,0.604796663190824,0.531803962460897,0.984358706986444,1.8415015641293,1.51338199513382,0.342022940563087,0
"Non-plastic
genes",4.74683544303798,95.253164556962,0.632911392405063,0.632911392405063,0.158227848101266,0.632911392405063,1.26582278481013,0,0.791139240506329,0.316455696202532,0.316455696202532,0,0
