"","FBL","No_FBL","Inhibiting","Activating","Size2","Size3","Size4","Size5","Size6"
"Plastic
genes",13.5766423357664,86.4233576642336,3.49165797705944,10.084984358707,6.62035106013208,0.984358706986444,3.59037191518943,1.27433090024331,1.10722975321515
"Non-plastic
genes",3.79746835443038,96.2025316455696,0.316455696202532,3.48101265822785,1.26582278481013,0.316455696202532,1.26582278481013,0.474683544303797,0.474683544303797
