"","FFL","No_FFL","C3","C1","C2","C4","I2","I4","I3","I1","NonPl_X"
"Plastic
genes",39.5620437956204,60.4379562043796,2.01338199513382,9.26538060479666,5.86027111574557,7.08515815085158,1.5281543274244,3.71324296141814,4.29805352798054,5.79840111226973,0
"Non-plastic
genes",13.6075949367089,86.3924050632911,1.0126582278481,3.11181434599156,1.32911392405063,0.210970464135021,0.316455696202532,3.79746835443038,1.24472573839662,2.58438818565401,0
