"","FFL","No_FFL","PP","PM","PN","NP","NM","NN","MP","MM2","MM1","MN","NonPl_X"
"Plastic
genes",77.3263433813893,22.6736566186107,31.3032329627823,14.7191105116372,9.52283542859424,2.99299370692105,0.655493197814015,0.155618260894808,10.0791005721587,3.29866898138971,3.01593093637331,1.58335882282388,0
"Non-plastic
genes",64.1935483870968,35.8064516129032,34.575537932796,11.2893353659483,2.6763099505035,1.39713410842443,0.355692097627582,0.053763440860215,9.11237388656743,3.27702252944188,0.921970472776924,0.534408602150538,0
