"","FBL","No_FBL","Inhibiting","Activating","Size2","Size3","Size4","Size5","Size6"
"Plastic
genes",17.8102189781022,82.1897810218978,5.4611687899533,12.3490501881489,7.59464115700231,1.47750525154524,5.45232050293935,1.49322966254099,1.79252240407429
"Non-plastic
genes",5.69620253164557,94.3037974683544,1.10759493670886,4.58860759493671,2.72679324894515,0.158227848101266,1.16335141651597,0.86045810729355,0.787371910789632
