"","FFL","No_FFL","PP","PM","PN","NP","NM","NN","MP","MM2","MM1","MN","NonPl_X"
"Plastic
genes",25.1094890510949,74.8905109489051,5.27936297279363,5.60719815464341,1.43732423294467,1.7323600973236,1.19714348911429,1.11574556830031,1.97923973836383,3.3407589976933,2.45546181312605,0.964893986791797,0
"Non-plastic
genes",6.9620253164557,93.0379746835443,2.16244725738397,0.89662447257384,0,0.632911392405063,0.474683544303797,0.105485232067511,0.474683544303797,0.738396624472574,1.05485232067511,0.421940928270042,0
