"","FFL","No_FFL","PP","PM","PN","NP","NM","NN","MP","MM2","MM1","MN","NonPl_X"
"Plastic
genes",24.3795620437956,75.6204379562044,5.11656713116567,5.31325244098967,1.45296552595823,1.41849148418491,1.19603753910323,0.867222801529371,1.98952507346668,3.15258950295447,2.97579549404367,0.897115050399722,0
"Non-plastic
genes",6.64556962025316,93.3544303797468,2.26793248945148,0.89662447257384,0,0.632911392405063,0.474683544303797,0.105485232067511,0.474683544303797,0.843881856540084,0.527426160337553,0.421940928270042,0
