"","FFL","No_FFL","C3","C1","C2","C4","I2","I4","I3","I1","NonPl_X"
"Plastic
genes",14.7445255474453,85.2554744525548,0.656934306569343,3.97566909975669,2.31143552311436,1.92214111922141,0.340632603406326,2.02919708029197,0.802919708029197,2.70559610705596,0
"Non-plastic
genes",6.32911392405063,93.6708860759494,0,1.74050632911392,1.05485232067511,0.158227848101266,0,2.4789029535865,0.474683544303797,0.421940928270042,0
