"","FBL","No_FBL","Inhibiting","Activating","Size2","Size3","Size4","Size5","Size6"
"Plastic
genes",18.8321167883212,81.1678832116788,5.81917552097887,13.0129412673423,7.41641392972436,1.94966048057504,5.37758217642288,1.75634341327772,2.33211678832117
"Non-plastic
genes",6.0126582278481,93.9873417721519,1.58227848101266,4.43037974683544,2.86919831223629,0.443037974683544,1.27411091018686,0.839361060880048,0.586949969861362
