"","FBL","No_FBL","Inhibiting","Activating","Size2","Size3","Size4","Size5","Size6"
"Plastic
genes",16.9343065693431,83.0656934306569,4.65241571080987,12.2818908585332,8.01737921445951,1.22280152937087,4.16805700382343,1.51685783802572,2.00921098366354
"Non-plastic
genes",5.37974683544304,94.620253164557,0.738396624472574,4.64135021097046,1.66139240506329,0.817510548523207,1.26582278481013,0.843881856540084,0.791139240506329
