"","FBL","No_FBL","Inhibiting","Activating","Size2","Size3","Size4","Size5","Size6"
"Plastic
genes",9.78102189781022,90.2189781021898,1.8978102189781,7.88321167883212,5.27980535279805,0.97323600973236,2.11678832116788,0.656934306569343,0.754257907542579
"Non-plastic
genes",1.89873417721519,98.1012658227848,0,1.89873417721519,0.949367088607595,0,0,0.316455696202532,0.632911392405063
