"","FBL","No_FBL","Inhibiting","Activating","Size2","Size3","Size4","Size5","Size6"
"Plastic
genes",18.2481751824818,81.7518248175183,5.58740997572888,12.6607652067529,7.36251092403496,1.85445897315686,5.07335445383173,1.78162559683881,2.1762252346194
"Non-plastic
genes",5.37974683544304,94.620253164557,1.58227848101266,3.79746835443038,2.23628691983122,0.443037974683544,1.29520795660036,0.818264014466546,0.586949969861362
