"","FBL","No_FBL","Inhibiting","Activating","Size2","Size3","Size4","Size5","Size6"
"Plastic
genes",18.978102189781,81.021897810219,5.78073216827115,13.1973700215099,7.35019240783137,1.96835171650106,5.18377648070918,1.90314888550659,2.57263269923282
"Non-plastic
genes",5.69620253164557,94.3037974683544,1.26582278481013,4.43037974683544,2.55274261603375,0.458860759493671,1.25301386377336,0.881555153707052,0.550030138637734
