"","FFL","No_FFL","PP","PM","PN","NP","NM","NN","MP","MM2","MM1","MN","NonPl_X"
"Plastic
genes",9.63503649635036,90.3649635036496,1.95620437956204,1.68752172401807,0.317692040319777,0.875912408759124,0.437956204379562,0.166840458811262,1.1970802919708,1.57351407716371,0.927007299270073,0.495307612095933,0
"Non-plastic
genes",3.16455696202532,96.8354430379747,0.791139240506329,0,0.474683544303797,0.316455696202532,0.791139240506329,0,0.158227848101266,0.316455696202532,0,0.316455696202532,0
