"","FFL","No_FFL","C3","C1","C2","C4","I2","I4","I3","I1","NonPl_X"
"Plastic
genes",34.3065693430657,65.6934306569343,1.73722627737226,8.4963503649635,5.03406326034063,5.72262773722628,0.990267639902676,3.89051094890511,3.83698296836983,4.5985401459854,0
"Non-plastic
genes",15.1898734177215,84.8101265822785,1.34493670886076,3.61286919831224,1.10759493670886,0.501054852320675,0.316455696202532,4.43037974683544,1.26582278481013,2.61075949367089,0
