"","FFL","No_FFL","C3","C1","C2","C4","I2","I4","I3","I1","NonPl_X"
"Plastic
genes",38.978102189781,61.021897810219,2.33298574904414,8.79735835940216,5.89920055613486,7.60583941605839,1.0281543274244,4.19256169621133,3.56204379562044,5.5599582898853,0
"Non-plastic
genes",15.1898734177215,84.8101265822785,1.0126582278481,3.5337552742616,1.11814345991561,0.421940928270042,0.316455696202532,4.32489451476793,1.24472573839662,3.21729957805907,0
