"","FFL","No_FFL","PP","PM","PN","NP","NM","NN","MP","MM2","MM1","MN","NonPl_X"
"Plastic
genes",19.5620437956204,80.4379562043796,4.29822732012513,4.15015641293014,0.706986444212722,1.48418491484185,1.01216545012165,0.403892944038929,1.99096280848106,2.74939172749392,2.02155022592979,0.744525547445255,0
"Non-plastic
genes",6.0126582278481,93.9873417721519,1.5295358649789,0.738396624472574,0,0.791139240506329,0.949367088607595,0.105485232067511,0.632911392405063,0.738396624472574,0.421940928270042,0.105485232067511,0
