"","FFL","No_FFL","C3","C1","C2","C4","I2","I4","I3","I1","NonPl_X"
"Plastic
genes",34.8905109489051,65.1094890510949,1.72749391727494,8.70802919708029,5.71776155717762,5.8029197080292,0.815085158150851,3.94647201946472,3.30900243309002,4.86374695863747,0
"Non-plastic
genes",15.8227848101266,84.1772151898734,0.712025316455696,4.08227848101266,0.828059071729958,0.69620253164557,0.316455696202532,3.74472573839663,2.53164556962025,2.91139240506329,0
