"","FBL","No_FBL","Inhibiting","Activating"
"All_plast",58.6666666666667,41.3333333333333,40.1416666666667,18.525
"Anticor",34,66,16.7222222222222,17.2777777777778
"Cor",83.3333333333333,16.6666666666667,63.5611111111111,19.7722222222222
"No_sel",86.6666666666667,13.3333333333333,44.1619047619048,42.5047619047619
"Sel",35.1666666666667,64.8333333333333,21.0361111111111,14.1305555555556
