"","FFL","No_FFL","PP","PM","PN","NP","NM","NN","MP","MM2","MM1","MN","NonPl_X","coherent","incoherent","homogenous_pos","homogenous_neg","heterogenous"
"All_plast",91.7333333333333,8.26666666666667,4.85592923795709,8.88321940189959,3.44940796283396,8.47972219129263,13.1117821206932,7.99758814581485,8.93781955602152,13.8670715371096,13.0795615392275,9.07123164048338,0,51.7292806142356,40.0040527190977,22.2734709852712,20.5182277491322,48.9416345989299
"Anticor",95.4666666666667,4.53333333333333,8.47221859071865,10.3424512292339,1.99168626099044,13.6739802856054,11.4752124329626,2.82686659398864,13.9963411228438,14.5369008045274,14.2723810200371,3.87862832575876,0,55.7740335558677,39.692633110799,36.1425399991678,8.69718118073784,50.626945486761
"Cor",88,12,1.23963988519553,7.42398757456531,4.90712966467747,3.28546409697986,14.7483518084238,13.1683096976411,3.87929798919927,13.1972422696918,11.8867420584178,14.263834955208,0,47.6845276726036,40.3154723273964,8.40440197137466,32.3392743175265,47.2563237110988
"No_sel",88.8,11.2,6.63438479375211,12.7836823688413,7.83089172502439,4.10617207837005,8.96570746875577,4.72282044927319,10.6962391519504,10.9574780966128,10.3909373873081,11.7116864801119,0,44.6426845303407,44.1573154696593,21.4367960240726,24.2653986544095,43.097805321518
"Sel",53.7037037037037,46.2962962962963,5.70701849775233,4.59733354561902,0.550330454042735,7.98999468220562,7.73167484408715,1.96685471246781,12.4312882241174,6.49343474738835,4.60255949287437,1.63321450314896,0,27.3101925867312,26.3935111169725,26.1283014040753,4.15039966965951,23.4250026299689
