"","FFL","No_FFL","C3","C1","C2","C4","I2","I4","I3","I1","NonPl_X","coherent","incoherent","homogenous","heterogenous"
"All_plast",100,21.2121212121212,0.188651218062983,2.23742608505288,7.26323543506946,5.82154882154882,0.300323496401928,1.60776509088244,0.699110065626624,0.011883541295306,81.8700562460595,15.5108615597341,2.6190821942063,4.33416589040023,13.7957778635402
"Anticor",100,48.5148514851485,0.433168316831683,0,0,14.2656765676568,0.706820682068207,0.123762376237624,0,0,84.4705720572057,14.6988448844884,0.830583058305831,1.26375137513751,14.2656765676568
"Cor",100,2.38907849829352,0.0200762899016262,3.77995191843405,12.2706537213631,0,0.0200762899016262,2.63086593852153,1.18109038390846,0.0200762899016262,80.077209168068,16.0706819296988,3.85210890223324,6.45097043675883,13.4718203951732
"No_sel",100,3.80622837370242,1.04739204553378,1.25962648907489,1.57253469735655,1.58058431440944,1.01597091483866,1.2005632742741,1.35543195116942,1.1994088431216,89.7684874702216,5.46013754637466,4.77137498340377,4.52355272372142,5.70795980605701
"Sel",100,92.9260450160772,0,0,0.432526513479795,0.0803858520900322,0,4.75998278249082,1.89174705251876,0.187566988210075,92.6477908112105,0.512912365569827,6.83929682321965,4.75998278249082,2.59222640629866
