"","FFL","No_FFL","C3","C1","C2","C4","I2","I4","I3","I1","NonPl_X","coherent","incoherent","homogenous","heterogenous"
"Plastic
genes",95.5333333333333,4.46666666666667,11.5773915536071,13.2013933825739,19.5789902579464,16.8544240514694,8.8464681257537,9.73421311696981,9.12279036728764,6.6176624777253,0,61.2121992455969,34.3211340877365,43.3594661789046,52.1738671544288
"Anticor",95.8666666666667,4.13333333333333,9.79607030323901,18.5471379609409,13.8597177047422,21.6347274273483,4.71089206467257,12.2500696715828,7.34845530123459,7.71959623290628,0,63.8376533962704,32.0290132703963,45.3041700004353,50.5624966662313
"Cor",95.2,4.8,13.3587128039753,7.85564880420693,25.2982628111506,12.0741206755906,12.9820441868348,7.21835656235679,10.8971254333407,5.51572872254432,0,58.5867450949234,36.6132549050766,41.4147623573738,53.7852376426262
"No_sel",93.2,6.8,14.251010437497,14.1080441223749,10.5973206241087,9.45173611822283,10.1277272262614,9.64173032315923,13.1098607299044,11.9125704184716,0,48.4081113022034,44.7918886977966,48.1285121092924,45.0714878907076
"Non-plastic
genes",61.037037037037,38.962962962963,1.01529186964343,12.8807035140025,7.33624517329682,6.72769870526518,1.63133611359889,18.9288373305196,5.74097030428771,6.77595402642286,0,27.959939262208,33.0770977748291,34.4561688277645,26.5808682092726
