"","FFL","No_FFL","PP","PM","PN","NP","NM","NN","MP","MM2","MM1","MN","NonPl_X","coherent","incoherent","homogenous_pos","homogenous_neg","heterogenous"
"All_plast",73.6666666666667,26.3333333333333,4.98159091956791,6.21956205729398,3.65503591739193,9.83645210323593,7.84947413286147,6.93447402054817,5.90073497944248,10.0809155215568,9.11849453191919,9.08993248284879,0,44.6069630142199,29.0597036524467,20.7187780022463,19.6794424207889,33.2684462436314
"Anticor",54.6666666666667,45.3333333333333,8.02667887667888,3.92895992895993,0.166666666666667,16.7208791208791,3.40062437562438,1.22474747474747,7.33818681318681,8.75488122988123,4.33267565767566,0.772366522366522,0,39.226529026529,15.4401376401376,32.0857448107448,2.16378066378066,20.4171411921412
"Cor",92.6666666666667,7.33333333333333,1.93650296245695,8.51016418562804,7.1434051681172,2.95202508559274,12.2983238900986,12.6442005663489,4.46328314569815,11.4069498132324,13.9043134061627,17.4074984433311,0,49.9873970019108,42.6792696647558,9.35181119374784,37.1951041777971,46.1197512951217
"No_sel",95,5,7.33712517007754,13.2185659038029,6.58244421861246,4.89964638980645,10.1322502709698,5.5294047901406,12.2861363023592,11.5309172711147,11.0962323377213,12.387277345395,0,46.9757701774731,48.0242298225269,24.5229078622432,24.499126354148,45.9779657836088
"Sel",35.3333333333333,64.6666666666667,4.19450632162769,2.44935187470019,0.557022119681966,4.78717575459124,6.18704057169924,1.63595436166088,6.67565030429466,4.75977966830787,2.73039432240556,1.35645803436404,0,18.6648325482752,16.6685007850581,15.6573323805136,3.54943451570689,16.1265664371129
