"","FFL","No_FFL","C3","C1","C2","C4","I2","I4","I3","I1","NonPl_X","coherent","incoherent","homogenous","heterogenous"
"All_plast",100,5.4481546572935,6.70559018708613,12.0666901192931,12.8686846314329,10.6240877835045,8.19312076154088,8.8713817476473,9.10825453773387,7.33441919192271,24.2277710398386,42.2650527213167,33.5071762388448,35.8367828155674,39.935446144594
"Anticor",100,6.00706713780919,2.4321637124534,22.1365043661535,15.4744871449053,8.94959401067935,3.09674399166408,13.4142643220114,8.46325788716582,7.78747020763671,18.2455143573305,48.9927492341915,32.761736408478,41.0796763922824,40.6748092503871
"Cor",100,4.89510489510489,10.9341905098871,2.1025032946026,10.2902157107592,12.2810169363349,13.2360390338316,4.37615178769964,9.74648548917008,6.88612045959033,30.1472767781246,35.6079264515838,34.2447967702916,30.6488846260209,39.2038385958546
"No_sel",100,10.2941176470588,12.2149615682387,11.8777197807553,9.45169130728357,9.53246786624988,9.35064693415557,8.61174464858923,12.2267114393822,11.7100589454904,15.0239975098553,43.0768405225274,41.8991619676173,42.0550729317387,42.920929558406
"Sel",100,48.1481481481481,1.7057479154429,19.4554270023826,11.0376540702478,10.3966251337539,3.05250136393354,24.8739945051148,6.43549596046443,12.8583913994417,10.1841626492183,42.5954541218272,47.2203832289545,49.0876707868739,40.7281665639079
