"","FFL","No_FFL","C3","C1","C2","C4","I2","I4","I3","I1","NonPl_X","coherent","incoherent","homogenous","heterogenous"
"All_plast",100,4.675505931612,3.09829770670411,2.89882569952681,8.02612777556065,6.37203846818218,1.02560423300905,2.14552462593004,1.42862389733829,0.30327507839666,74.7016825153522,20.3952896499738,4.90302783467403,9.16825226517001,16.1300652194778
"Anticor",100,4.3115438108484,6.13154580718914,0,0.0397377309755613,12.6997651250418,1.97628841460869,0.515657268091204,0.102716013703496,0.560937425597234,77.9733522147929,18.8710486632065,3.15559912200062,8.62349148988903,13.4031562953181
"Cor",100,5.04201680672269,0.0438083730224116,5.81795129891026,16.0684449212983,0,0.06826259915731,3.78680562072852,2.76381685018621,0.0438083730224116,71.4071019636746,21.930204593231,6.66269344309445,9.7168278918185,18.8760701445069
"No_sel",100,7.29613733905579,1.79142883987649,2.08156596838897,2.14683368199934,1.60087196656773,1.67349111827201,1.80352266259407,1.95437388542762,1.53210366353528,85.4158082133385,7.62070045683253,6.96349132982898,7.35000858913154,7.23418319752997
"Sel",100,63.8349514563107,0.0242718446601942,0.169660661165516,0.727233462972815,0.0767522486908644,0.00391481365487003,5.66218951827082,1.74468363378272,0.0689116708534184,91.5223821459488,0.997918217489389,7.47969963656182,5.8600368377514,2.61758101629982
