"","FFL","No_FFL","C3","C1","C2","C4","I2","I4","I3","I1","NonPl_X","coherent","incoherent","homogenous","heterogenous"
"All_plast",100,4.675505931612,9.02039547571787,10.9197996137048,12.4682793332458,11.2704151795527,8.23448103470244,8.04381220271945,8.12070307470041,6.62379660100875,25.2983174846478,43.6788896022212,31.022792913131,36.2184883268446,38.4831941885077
"Anticor",100,4.3115438108484,4.08688635891553,19.3468059397854,14.4175477746665,9.86775305369421,2.93771582531402,12.2625795242414,7.56257115726444,7.4914925809114,22.0266477852071,47.7189931270616,30.2543590877312,38.6339876482563,39.3393645665366
"Cor",100,5.04201680672269,13.9884529756911,2.4337806382819,10.5053605525994,12.6828998693178,13.5683384374339,3.79550169267147,8.68274347895316,5.75002431872583,28.5928980363254,39.6104940358902,31.7966079277844,33.7860737440784,37.6210282195962
"No_sel",100,7.29613733905579,13.4993548913435,13.0558204290089,9.22368200910439,8.54047579976578,9.19316899574233,8.54168154680424,12.1120002882896,11.2496242532798,14.5841917866615,44.3193331292226,41.0964750841159,44.290025862899,41.1257823504395
"Sel",100,63.8349514563107,1.63913109711,20.9334336882319,11.292100255414,10.9455696592072,2.66878391614914,25.34986193343,7.66103227736827,11.0324693190384,8.47761785405122,44.810234699963,46.7121474459858,50.591210634921,40.9311715110278
