"","FFL","No_FFL","C3","C1","C2","C4","I2","I4","I3","I1","NonPl_X","coherent","incoherent","homogenous","heterogenous"
"Plastic
genes",94.8333333333333,5.16666666666667,7.8750242747789,14.5002080726951,20.3516897081691,16.0636425644048,8.45313320387355,10.1087450166846,10.1072945992655,7.37359589346173,0,58.7905646200479,36.0427687132854,40.9371105680322,53.8962227653012
"Anticor",94.3333333333333,5.66666666666667,5.32612026346546,20.8821024520715,14.5975995400273,20.4193823161702,4.28790919549434,12.6541226770974,7.98367327355975,8.18242361544735,0,61.2252045717345,33.1081287615988,43.1502545881287,51.1830787452047
"Cor",95.3333333333333,4.66666666666667,10.4239282860923,8.11831369331874,26.1057798763109,11.7079028126393,12.6183572122528,7.56336735627185,12.2309159249713,6.56476817147612,0,56.3559246683613,38.977408664972,38.7239665479357,56.6093667853977
"No_sel",90.6666666666667,9.33333333333333,13.6760562018394,12.5826601947032,9.67710579843957,10.4964088352075,10.1740927066762,9.131155175823,12.6263270776906,12.3028606762873,0,46.4322310301896,44.2344356364771,45.5639642790418,45.1027023876249
"Non-plastic
genes",67.5,32.5,1.25852270006682,13.354409979855,7.91193752999094,7.01772196528389,2.117581277798,21.4948866621854,5.60838283305389,8.73655705176603,0,29.5425921751967,37.9574078248033,38.2254006199053,29.2745993800947
