"","FBL","No_FBL","Inhibiting","Activating"
"All_plast",64,36,33.1944444444444,30.8055555555556
"Anticor",70,30,27.6666666666667,42.3333333333333
"Cor",58,42,38.7222222222222,19.2777777777778
"No_sel",29.3333333333333,37.3333333333333,14.2333333333333,15.1
"Sel",8.33333333333333,91.6666666666667,6,2.33333333333333
