"","FFL","No_FFL","C3","C1","C2","C4","I2","I4","I3","I1","NonPl_X"
"Plastic
genes",44.3026706231454,55.6973293768546,4.91925883255068,7.39586016729938,4.85691256760601,5.53610853245886,3.03900882702099,4.92418173215762,6.29587262849561,7.33546733555625,0
"Non-plastic
genes",13.5487528344671,86.4512471655329,1.45057265330375,2.31893134875523,1.61039555155354,1.57545579350171,0.990837519628384,1.00526018138172,1.97723981053617,2.62005997580662,0
