"","FFL","No_FFL","C3","C1","C2","C4","I2","I4","I3","I1","NonPl_X"
"Plastic
genes",100,0,9.51641562465966,16.4299020152287,12.0279337879785,13.4941249244642,7.9756643418759,14.274285630974,12.9917851908447,13.2898884839744,0
"Non-plastic
genes",73.3409177095184,26.6590822904816,14.8167323923148,8.01476606448505,6.67268841327463,7.30012382480599,9.03196764888164,6.41268011042053,9.76746861563716,11.3244906396986,0
