"","FFL","No_FFL","PP","PM","PN","NP","NM","NN","MP","MM2","MM1","MN","NonPl_X"
"Plastic
genes",64.8769574944072,35.1230425055928,32.8628055447854,11.8475926189486,5.37614575996991,4.4162862522405,0.172036944165208,0.0850514362691545,7.14617826389571,0.964961540900821,1.70380803477585,0.302091098456013,0
"Non-plastic
genes",32.3170731707317,67.6829268292683,15.2034713343282,9.83236064409845,3.4661409051653,1.31312084898414,0.178320155454302,0,1.90647061093948,0.251524390243902,0.16566428151794,0,0
