"","FFL","No_FFL","C3","C1","C2","C4","I2","I4","I3","I1","NonPl_X"
"Plastic
genes",73.0816077953715,26.9183922046285,4.71668876557487,12.543470892524,8.46822399635515,11.7582544053245,4.05118299568294,11.759247212981,8.74719610440823,11.0373434225209,0
"Non-plastic
genes",20.1951219512195,79.8048780487805,4.79876016164553,3.08355146857996,1.89255246554341,1.20122988862364,1.97401487671294,1.5477797535533,2.51533395029776,3.18189938626297,0
