"","FFL","No_FFL","PP","PM","PN","NP","NM","NN","MP","MM2","MM1","MN","NonPl_X"
"Plastic
genes",99.8459642637092,0.154035736290819,24.4207534427347,19.1234459933219,4.10925520879112,4.61926847995003,4.7584188446198,1.44991458860559,19.2814406314166,8.6886922488619,8.89227021976965,4.50250460563791,0
"Non-plastic
genes",97.8344934261408,2.16550657385924,33.4802019846763,17.2005638253119,3.37939331325603,3.7682264396117,3.65889799311317,1.60410766841021,17.4000880986933,6.54049650107938,7.31624598187833,3.48627162011046,0
