"","FFL","No_FFL","C3","C1","C2","C4","I2","I4","I3","I1","NonPl_X"
"Plastic
genes",36.0751694393099,63.9248305606901,1.63292550538392,18.7781865392771,1.67495525628613,2.03176803685122,2.3775415896488,3.09626833425355,3.50027873133234,2.98324544627687,0
"Non-plastic
genes",6.41918020108275,93.5808197989172,0.65738592420727,2.97757153905646,0,0.425367362722351,0.483372003093581,0.309358081979892,0.464037122969838,1.10208816705336,0
