"","FFL","No_FFL","PP","PM","PN","NP","NM","NN","MP","MM2","MM1","MN","NonPl_X"
"Plastic
genes",99.7950819672131,0.204918032786885,8.7671376869692,13.8735228109977,5.02225824555984,7.12777254620846,11.2604903223963,3.98998408847144,15.2819023657274,13.3944637159132,12.5469360786052,8.53061410636436,0
"Non-plastic
genes",49.2524186455585,50.7475813544415,3.38361103757839,7.87061388958353,10.8495379524077,1.25552857287285,3.43917895686373,2.18582851649512,3.76781249365005,3.80644765486765,5.10181949124034,7.59204007999916,0
