"","FBL","No_FBL","Inhibiting","Activating","Size2","Size3","Size4","Size5","Size6"
"Plastic
genes",62.9954515919428,37.0045484080572,28.1897636750959,34.8056879168468,3.37859744477206,2.47828844127373,5.26281621978489,11.4951801799276,40.3805693061844
"Non-plastic
genes",3967.63565891473,0,100,3967.63565891473,0,100,3967.63565891473,0,100
