"","FFL","No_FFL","PP","PM","PN","NP","NM","NN","MP","MM2","MM1","MN","NonPl_X"
"Plastic
genes",89.7542690545606,10.2457309454394,33.0340755817288,17.0135763415266,2.97973792859769,2.95620492728563,2.82316391275567,0.903618314138104,15.3455551350566,5.95485156272744,6.05334443251929,2.69014091822479,0
"Non-plastic
genes",67.9504088630968,32.0495911369032,31.0196267350913,10.9668655318631,2.14775546726987,1.42291249409934,1.83395838454774,1.17560927781212,9.36856707754897,3.79801254687645,3.80365475351228,2.41344659447571,0
