"","FBL","No_FBL","Inhibiting","Activating","Size2","Size3","Size4","Size5","Size6"
"Plastic
genes",45.8612975391499,54.1387024608501,6.09112050951048,39.7701770296394,11.9931543217114,5.16926070025441,17.8747924362808,10.8240900809032,0
"Non-plastic
genes",14.1768292682927,85.8231707317073,0.848165238409141,13.3286640298835,8.75195185557725,1.33345233341919,3.10624218498026,0.98518289431598,0
