"","FBL","No_FBL","Inhibiting","Activating","Size2","Size3","Size4","Size5","Size6"
"Plastic
genes",74.8831775700935,25.1168224299065,26.972568264709,47.9106093053845,4.11883374845955,2.77727540427651,12.1800304487293,13.6462045354552,42.1608334331729
"Non-plastic
genes",28.7179487179487,71.2820512820513,7.85496470127169,20.862984016677,3.82687971846753,2.09908885317558,6.49153365318809,3.70105524465103,12.5993912484665
