"","FBL","No_FBL","Inhibiting","Activating","Size2","Size3","Size4","Size5","Size6"
"Plastic
genes",80.327868852459,19.672131147541,34.9190767555834,45.4087920968755,3.09740979445406,2.99276324517341,16.9767547158975,57.2609410969341,0
"Non-plastic
genes",18.6455584872471,81.3544415127529,7.63559488542306,11.0099636018241,3.22638840933835,1.66417422827409,4.51864926117573,9.23634658845899,0
