"","FFL","No_FFL","C3","C1","C2","C4","I2","I4","I3","I1","NonPl_X"
"Plastic
genes",89.5043731778426,10.4956268221574,7.95573287968394,36.3633889387577,8.83064874516604,5.54312511028944,0.690898535303575,7.92157421785667,10.8743189871318,11.3246857636535,0
"Non-plastic
genes",61.9889211289897,38.0110788710103,8.29018024248213,21.5147608144605,1.20314708791776,1.17052195833986,0.819258824286211,6.1417351900655,12.2611831291242,10.5881338823136,0
