"","FFL","No_FFL","PP","PM","PN","NP","NM","NN","MP","MM2","MM1","MN","NonPl_X"
"Plastic
genes",100,0,8.30506552988884,13.3168744163097,4.77954916819937,7.30013924980276,11.8138638400908,4.61959164749625,15.4774842127428,12.9462035796751,12.2349046308619,9.20632372493236,0
"Non-plastic
genes",85.4001759014952,14.5998240985048,4.80347331275449,11.9909526476008,14.7375816660496,2.65074219483985,6.46367433192487,5.32816203349069,6.26459109453408,7.80355289801337,9.43766547082808,15.9197802514593,0
