"","FFL","No_FFL","C3","C1","C2","C4","I2","I4","I3","I1","NonPl_X"
"Plastic
genes",50.5523066926576,49.4476933073424,7.07941670983771,6.97759594326977,6.43091498497398,5.25004515151511,5.17471919731193,5.45190103546347,7.84519603909538,6.34251763119022,0
"Non-plastic
genes",50.3229974160207,49.6770025839793,6.36905530642657,7.52447058643275,5.53025159864133,6.4915731716235,5.29255412011583,5.9642623794612,6.17391439101827,6.97691586230122,0
