"","FFL","No_FFL","PP","PM","PN","NP","NM","NN","MP","MM2","MM1","MN","NonPl_X"
"Plastic
genes",62.3738872403561,37.6261127596439,6.86732138199506,12.0174332718027,4.34372842930531,3.85992820372299,4.02848453028879,1.76245515985776,8.02021791461743,9.37967453995656,8.04013043973691,4.05451336907259,0
"Non-plastic
genes",19.7278911564626,80.2721088435374,2.06808235993574,3.77324279523659,1.36419834267475,0.999316397280834,1.15735079917991,0.536856824996796,3.01033543385638,2.94380351400028,2.379629720717,1.49507496858431,0
