"","FFL","No_FFL","PP","PM","PN","NP","NM","NN","MP","MM2","MM1","MN","NonPl_X"
"Plastic
genes",89.7542690545606,10.2457309454394,30.8738339637987,19.6199188765557,8.23056870777208,5.9758054126401,1.25536716666675,0.548715906910649,13.2045003000799,3.34749738451582,4.65004721332134,2.04801412229952,0
"Non-plastic
genes",67.9504088630968,32.0495911369032,23.7435668201308,20.8404630384796,10.5218451807183,1.69304869965703,0.489389302385334,0.0624125833416536,6.07381037089916,1.90539235614782,1.68481089497699,0.935669616360164,0
