"","FBL","No_FBL","Inhibiting","Activating","Size2","Size3","Size4","Size5","Size6"
"Plastic
genes",54.5676004872107,45.4323995127893,23.6326714527428,30.9349290344679,8.98208037658162,3.88406349351066,17.1086602248211,24.5927963922974,0
"Non-plastic
genes",9.36585365853658,90.6341463414634,3.71588060989935,5.64997304863723,4.08964893477383,0.83674658867457,2.26675023117048,2.17270790391771,0
