"","FBL","No_FBL","Inhibiting","Activating","Size2","Size3","Size4","Size5","Size6"
"Plastic
genes",46.1009174311927,53.8990825688073,8.09556699224188,38.0053504389508,11.8008761567099,5.321013253541,17.9939276298948,10.9851003910469,0
"Non-plastic
genes",13.8248847926267,86.1751152073733,0.899664851277754,12.925219941349,7.81767126413633,1.76702411729103,3.07524260005291,1.16494681114645,0
