"","FFL","No_FFL","PP","PM","PN","NP","NM","NN","MP","MM2","MM1","MN","NonPl_X"
"Plastic
genes",55.8411214953271,44.1588785046729,6.17904615723171,11.0919730405925,3.27552248652342,2.46932911925535,4.41603494010094,1.74476952610078,7.00132706324881,8.30144503138128,8.75019741079252,2.6114767200998,0
"Non-plastic
genes",15.6410256410256,84.3589743589744,2.65252057123634,3.038408752939,0.755211700064641,0.480147088893219,0.801694006028371,0.600455916632387,2.28510010569727,2.42715936751719,2.06549804882741,0.534830083189812,0
