"","FFL","No_FFL","C3","C1","C2","C4","I2","I4","I3","I1","NonPl_X"
"Plastic
genes",57.8008915304606,42.1991084695394,3.87271408630993,14.2106401523192,7.16397149160894,8.10954214186012,2.16951943549269,6.75829618623081,6.83628098004027,8.67992705659868,0
"Non-plastic
genes",11.5727002967359,88.4272997032641,0.964391691394659,2.29970326409496,0.964391691394659,1.43422354104847,0.544015825914936,2.62116716122651,0.816023738872404,1.92878338278932,0
