"","FBL","No_FBL","Inhibiting","Activating","Size2","Size3","Size4","Size5","Size6"
"Plastic
genes",23.0312035661218,76.9687964338782,9.35362886680676,13.6775746993151,6.98178435285955,1.78427248723175,6.31632485335812,2.19707615379436,5.75174571887806
"Non-plastic
genes",3.85756676557863,96.1424332344214,1.18694362017804,2.67062314540059,1.66172106824926,0.0797290411533735,1.16851002607679,0.0929173035997962,0.854689326499416
