"","FFL","No_FFL","PP","PM","PN","NP","NM","NN","MP","MM2","MM1","MN","NonPl_X"
"Plastic
genes",50.8172362555721,49.1827637444279,8.28291318918645,8.23274711592287,3.27229681947967,4.7362521036151,2.98718986584995,1.79873444786914,8.30629249451905,5.43261535547672,6.14935388052113,1.61884098313199,0
"Non-plastic
genes",8.01186943620178,91.9881305637982,1.03857566765579,1.28585558852621,0.29673590504451,0.247279920870425,0.544015825914936,0.148367952522255,2.324431256182,0.791295746785361,0.964391691394659,0.370919881305638,0
