"","FBL","No_FBL","Inhibiting","Activating","Size2","Size3","Size4","Size5","Size6"
"Plastic
genes",59.211337030191,40.788662969809,11.3816419964943,47.8296950336967,7.54454231137801,4.95182500954993,19.3791182823527,27.3358514269104,0
"Non-plastic
genes",20.108275328693,79.891724671307,2.47530858497523,17.6329667437177,7.97150304074486,2.59955057282176,4.98470216775546,4.55251954737088,0
