"","FBL","No_FBL","Inhibiting","Activating","Size2","Size3","Size4","Size5","Size6"
"Plastic
genes",46.1009174311927,53.8990825688073,6.09029912488251,40.0106183063101,11.8008761567099,5.321013253541,17.9939276298948,10.9851003910469,0
"Non-plastic
genes",13.8248847926267,86.1751152073733,1.16112212886406,12.6637626637627,7.81767126413633,1.76702411729103,3.07524260005291,1.16494681114645,0
