"","FFL","No_FFL","C3","C1","C2","C4","I2","I4","I3","I1","NonPl_X"
"Plastic
genes",99.1682070240296,0.831792975970425,6.58136102869839,34.4135705253383,6.36746604232659,6.13739161378984,3.34657111043487,13.9808763851826,13.9728070072349,14.3681633110241,0
"Non-plastic
genes",90.9512761020882,9.04872389791183,5.22122371707423,38.9335202073323,4.89134035099212,4.8744030205754,2.58071271750297,11.6769259413949,10.6887678873188,12.0843822598975,0
