"","FFL","No_FFL","C3","C1","C2","C4","I2","I4","I3","I1","NonPl_X"
"Plastic
genes",99.1682070240296,0.831792975970425,7.5061801240867,30.9794210096121,10.0112831617786,8.83481815077434,2.61031495018012,14.958399042862,12.6633388467073,11.6044517380284,0
"Non-plastic
genes",90.9512761020882,9.04872389791183,15.0999066653676,22.9274332001831,4.27355451357773,4.1242429894067,4.29713767254949,10.1067815340959,15.5895302606317,14.5326892662759,0
