"","Coherent","Incoherent","No_loop","Loop"
"1",0.242424242424242,0.757575757575757,0,1
"2",0,0,1,0
